"time","R0.i","R0.v","R1.i","R1.v"
0,0,0,0,0
0.001,0.0002530548824802926,0.2530548824802926,7.347255875985371e-07,0.07347255875985371
0.002,0.0003469459575548998,0.3469459575548998,2.265270212225501e-06,0.2265270212225501
0.003,0.000382576071356352,0.382576071356352,4.08711964321824e-06,0.408711964321824
0.004,0.000396879318569263,0.396879318569263,6.015603407153685e-06,0.6015603407153686
0.005,0.0004033769471792379,0.4033769471792379,7.983115264103812e-06,0.7983115264103812
0.006,0.0004070171461504241,0.4070171461504242,9.964914269247879e-06,0.9964914269247879
0.007,0.0004096106915364164,0.4096106915364164,1.195194654231792e-05,1.195194654231792
0.008,0.0004118215754916981,0.4118215754916981,1.394089212254151e-05,1.394089212254151
0.009,0.0004138929328780794,0.4138929328780794,1.59305353356096e-05,1.59305353356096
0.01,0.0004159128673773482,0.4159128673773482,1.792043566311326e-05,1.792043566311326
0.011,0.0004179138534889,0.4179138534889,1.99104307325555e-05,1.99104307325555
0.012,0.0004199075206350002,0.4199075206350003,2.1900462396825e-05,2.1900462396825
0.013,0.0004218989248422629,0.4218989248422629,2.389050537578869e-05,2.389050537578869
0.014,0.0004238899097129298,0.4238899097129298,2.588055045143535e-05,2.588055045143535
0.015,0.0004258805371241827,0.4258805371241827,2.787059731437909e-05,2.787059731437909
0.016,0.0004278712108213574,0.4278712108213574,2.986064394589322e-05,2.986064394589321
0.017,0.0004298616058531825,0.4298616058531826,3.185069197073409e-05,3.185069197073409
0.018,0.0004318513197228659,0.4318513197228659,3.384074340138566e-05,3.384074340138567
0.019,0.0004338411684129344,0.4338411684129344,3.583079415793533e-05,3.583079415793533
0.02,0.0004358310449809793,0.4358310449809792,3.782084477509511e-05,3.78208447750951
0.021,0.000437821030870392,0.437821030870392,3.981089484564805e-05,3.981089484564805
0.022,0.000439811016759803,0.4398110167598031,4.180094491620098e-05,4.180094491620098
0.023,0.0004418010082327282,0.4418010082327282,4.379099495883636e-05,4.379099495883636
0.024,0.0004437910496973956,0.4437910496973956,4.578104475151302e-05,4.578104475151302
0.025,0.0004457810911620612,0.4457810911620612,4.77710945441897e-05,4.777109454418969
0.026,0.0004477711326267304,0.4477711326267304,4.976114433686635e-05,4.976114433686635
0.027,0.0004497611740913978,0.4497611740913978,5.175119412954301e-05,5.175119412954301
0.028,0.0004517512155560635,0.4517512155560635,5.37412439222197e-05,5.37412439222197
0.029,0.0004537412570207309,0.4537412570207309,5.573129371489636e-05,5.573129371489635
0.03,0.000455731301779613,0.455731301779613,5.772134349110193e-05,5.772134349110194
0.031,0.0004577213509559321,0.4577213509559321,5.971139324522033e-05,5.971139324522033
0.032,0.0004597114001322496,0.4597114001322495,6.170144299933876e-05,6.170144299933876
0.033,0.0004617014493085687,0.4617014493085687,6.369149275345716e-05,6.369149275345716
0.034,0.0004636914984848879,0.4636914984848879,6.568154250757558e-05,6.568154250757558
0.035,0.000465681547661207,0.4656815476612071,6.767159226169398e-05,6.767159226169397
0.036,0.0004676715968375262,0.4676715968375262,6.966164201581236e-05,6.966164201581236
0.037,0.0004696616460138454,0.4696616460138454,7.165169176993078e-05,7.165169176993078
0.038,0.0004716516951901628,0.4716516951901628,7.364174152404918e-05,7.364174152404917
0.039,0.000473641744366482,0.473641744366482,7.563179127816759e-05,7.563179127816759
0.04,0.0004756317935428011,0.4756317935428012,7.762184103228599e-05,7.762184103228599
0.041,0.0004776218427191221,0.4776218427191221,7.96118907864044e-05,7.96118907864044
0.042,0.0004796118918954377,0.4796118918954377,8.160194054052282e-05,8.160194054052281
0.043,0.0004816019411164234,0.4816019411164234,8.359199029441789e-05,8.359199029441788
0.044,0.0004835919908470032,0.4835919908470032,8.558204004576498e-05,8.558204004576499
0.045,0.0004855820405775901,0.4855820405775901,8.757208979711206e-05,8.757208979711205
0.046,0.0004875720903081699,0.4875720903081699,8.956213954845915e-05,8.956213954845916
0.047,0.0004895621400387533,0.4895621400387533,9.155218929980624e-05,9.155218929980624
0.048,0.0004915521897693331,0.4915521897693331,9.354223905115334e-05,9.354223905115333
0.049,0.00049354223949992,0.49354223949992,9.553228880250042e-05,9.553228880250042
0.05,0.0004955322892304998,0.4955322892304999,9.752233855384749e-05,9.75223385538475
0.051,0.0004975223389610832,0.4975223389610832,9.951238830519459e-05,9.951238830519459
0.052,0.0004995123886916701,0.4995123886916701,0.0001015024380565416,10.15024380565417
0.053,0.0005015024384222499,0.50150243842225,0.0001034924878078888,10.34924878078888
0.054,0.0005034924881528369,0.5034924881528369,0.0001054825375592358,10.54825375592358
0.055,0.0005054825378834166,0.5054825378834167,0.0001074725873105829,10.74725873105829
0.056,0.000507472587614,0.507472587614,0.00010946263706193,10.946263706193
0.057,0.0005094626373445799,0.5094626373445799,0.0001114526868132771,11.14526868132771
0.058,0.0005114526870751667,0.5114526870751668,0.0001134427365646242,11.34427365646242
0.059,0.0005134427368057466,0.5134427368057466,0.0001154327863159713,11.54327863159713
0.06,0.0005154327865363299,0.51543278653633,0.0001174228360673184,11.74228360673184
0.061,0.0005174228362669133,0.5174228362669133,0.0001194128858186654,11.94128858186654
0.062,0.0005194128859974966,0.5194128859974967,0.0001214029355700125,12.14029355700125
0.063,0.0005214029357280765,0.5214029357280765,0.0001233929853213596,12.33929853213596
0.064,0.0005233929854586634,0.5233929854586634,0.0001253830350727067,12.53830350727067
0.065,0.0005253830351892433,0.5253830351892432,0.0001273730848240538,12.73730848240538
0.066,0.0005273730849198266,0.5273730849198266,0.0001293631345754009,12.93631345754009
0.067,0.00052936313465041,0.52936313465041,0.0001313531843267479,13.13531843267479
0.068,0.0005313531843809934,0.5313531843809933,0.0001333432340780951,13.3343234078095
0.069,0.0005333432341115732,0.5333432341115731,0.0001353332838294421,13.53332838294421
0.07,0.0005353332838500186,0.5353332838500187,0.0001373233335807499,13.73233335807499
0.071,0.000537323333600888,0.537323333600888,0.0001393133833319956,13.93133833319956
0.072,0.0005393133833517502,0.5393133833517503,0.0001413034330832412,14.13034330832412
0.073,0.0005413034331026197,0.5413034331026196,0.0001432934828344869,14.32934828344869
0.074,0.0005432934828534818,0.5432934828534819,0.0001452835325857326,14.52835325857326
0.075,0.0005452835326043513,0.5452835326043513,0.0001472735823369783,14.72735823369783
0.076,0.00054727358235521,0.54727358235521,0.0001492636320882239,14.92636320882239
0.077,0.0005492636321060793,0.5492636321060793,0.0001512536818394696,15.12536818394696
0.078,0.0005512536818569416,0.5512536818569416,0.0001532437315907153,15.32437315907153
0.079,0.0005532437316078109,0.5532437316078109,0.0001552337813419609,15.5233781341961
0.08,0.0005552337813586732,0.5552337813586732,0.0001572238310932066,15.72238310932066
0.081,0.000557223831109539,0.557223831109539,0.0001592138808444523,15.92138808444523
0.082,0.0005592138808604048,0.5592138808604048,0.000161203930595698,16.1203930595698
0.083,0.0005612039306112706,0.5612039306112706,0.0001631939803469437,16.31939803469437
0.084,0.0005631939803621364,0.5631939803621364,0.0001651840300981893,16.51840300981894
0.085,0.0005651840301130022,0.5651840301130022,0.000167174079849435,16.7174079849435
0.086,0.0005671740798638681,0.567174079863868,0.0001691641296006807,16.91641296006807
0.087,0.0005691641296147338,0.5691641296147338,0.0001711541793519263,17.11541793519263
0.088,0.0005711541793655997,0.5711541793655996,0.000173144229103172,17.3144229103172
0.089,0.0005731442291164726,0.5731442291164726,0.0001751342788544177,17.51342788544176
0.09,0.0005751342788673383,0.5751342788673384,0.0001771243286056633,17.71243286056633
0.091,0.000577124328618197,0.5771243286181971,0.000179114378356909,17.9114378356909
0.092,0.0005791143783690629,0.5791143783690629,0.0001811044281081547,18.11044281081547
0.093,0.0005811044281199358,0.5811044281199358,0.0001830944778594003,18.30944778594003
0.094,0.0005830944778707945,0.5830944778707945,0.0001850845276106461,18.50845276106461
0.095,0.0005850845276216603,0.5850845276216603,0.0001870745773618917,18.70745773618917
0.096,0.0005870745773725261,0.5870745773725261,0.0001890646271131374,18.90646271131374
0.097,0.000589064627123399,0.589064627123399,0.0001910546768643831,19.10546768643831
0.098,0.0005910546768742648,0.5910546768742648,0.0001930447266156287,19.30447266156287
0.099,0.0005930447266251235,0.5930447266251235,0.0001950347763668744,19.50347763668744
0.1,0.0005950347763759894,0.5950347763759893,0.0001970248261181201,19.70248261181201
0.101,0.0005970248261268623,0.5970248261268623,0.0001990148758693657,19.90148758693658
0.102,0.000599014875877721,0.599014875877721,0.0002010049256206114,20.10049256206114
0.103,0.0006010049256285867,0.6010049256285868,0.000202994975371857,20.2994975371857
0.104,0.0006029949753794596,0.6029949753794597,0.0002049850251231027,20.49850251231027
0.105,0.0006049850251303183,0.6049850251303184,0.0002069750748743484,20.69750748743484
0.106,0.0006069750748811842,0.6069750748811842,0.0002089651246255941,20.89651246255941
0.107,0.00060896512463205,0.60896512463205,0.0002109551743768398,21.09551743768398
0.108,0.0006109551743829229,0.6109551743829229,0.0002129452241280854,21.29452241280854
0.109,0.0006129452241337816,0.6129452241337816,0.0002149352738793311,21.49352738793311
0.11,0.0006149352738846474,0.6149352738846474,0.0002169253236305768,21.69253236305768
0.111,0.0006169253236355132,0.6169253236355132,0.0002189153733818224,21.89153733818225
0.112,0.0006189153733863861,0.6189153733863861,0.0002209054231330681,22.09054231330681
0.113,0.0006209054231372448,0.6209054231372448,0.0002228954728843138,22.28954728843138
0.114,0.0006228954728881107,0.6228954728881106,0.0002248855226355595,22.48855226355595
0.115,0.0006248855226389764,0.6248855226389765,0.0002268755723868051,22.68755723868051
0.116,0.0006268755723898493,0.6268755723898494,0.0002288656221380508,22.88656221380508
0.117,0.000628865622140708,0.6288656221407081,0.0002308556718892965,23.08556718892965
0.118,0.0006308556718915739,0.6308556718915739,0.0002328457216405421,23.28457216405421
0.119,0.0006328457216424396,0.6328457216424397,0.0002348357713917878,23.48357713917878
0.12,0.0006348357713933055,0.6348357713933055,0.0002368258211430334,23.68258211430334
0.121,0.0006368258211441713,0.6368258211441713,0.0002388158708942791,23.88158708942791
0.122,0.0006388158708950371,0.6388158708950371,0.0002408059206455248,24.08059206455248
0.123,0.0006408059206459029,0.6408059206459029,0.0002427959703967705,24.27959703967705
0.124,0.0006427959703971382,0.6427959703971382,0.0002447860201480143,24.47860201480143
0.125,0.0006447860201483806,0.6447860201483806,0.0002467760698992581,24.67760698992581
0.126,0.0006467760698996159,0.6467760698996159,0.0002487661196505019,24.87661196505019
0.127,0.0006487661196508583,0.6487661196508583,0.0002507561694017457,25.07561694017457
0.128,0.0006507561694021007,0.6507561694021007,0.0002527462191529895,25.27462191529895
0.129,0.0006527462191533431,0.6527462191533431,0.0002547362689042333,25.47362689042333
0.13,0.0006547362689045783,0.6547362689045784,0.0002567263186554771,25.67263186554771
0.131,0.0006567263186558208,0.6567263186558208,0.0002587163684067209,25.87163684067209
0.132,0.0006587163684070632,0.6587163684070632,0.0002607064181579647,26.07064181579647
0.133,0.0006607064181582984,0.6607064181582984,0.0002626964679092085,26.26964679092085
0.134,0.0006626964679095408,0.6626964679095408,0.0002646865176604523,26.46865176604523
0.135,0.0006646865176607762,0.6646865176607761,0.0002666765674116961,26.66765674116961
0.136,0.0006666765674120256,0.6666765674120256,0.0002686666171629399,26.86666171629399
0.137,0.0006686666171632609,0.6686666171632609,0.0002706566669141837,27.06566669141838
0.138,0.0006706566669145033,0.6706566669145033,0.0002726467166654275,27.26467166654275
0.139,0.0006726467166657457,0.6726467166657457,0.0002746367664166713,27.46367664166713
0.14,0.0006746367664169881,0.6746367664169881,0.0002766268161679151,27.66268161679151
0.141,0.0006766268161682234,0.6766268161682234,0.0002786168659191589,27.86168659191589
0.142,0.0006786168659194658,0.6786168659194658,0.0002806069156704027,28.06069156704027
0.143,0.0006806069156707081,0.6806069156707082,0.0002825969654216465,28.25969654216465
0.144,0.0006825969654219435,0.6825969654219435,0.0002845870151728903,28.45870151728903
0.145,0.0006845870151731859,0.6845870151731859,0.000286577064924134,28.6577064924134
0.146,0.0006865770649244283,0.6865770649244283,0.0002885671146753779,28.85671146753779
0.147,0.0006885671146756707,0.6885671146756707,0.0002905571644266216,29.05571644266216
0.148,0.000690557164426906,0.690557164426906,0.0002925472141778655,29.25472141778655
0.149,0.0006925472141781484,0.6925472141781484,0.0002945372639291092,29.45372639291092
0.15,0.0006945372639293908,0.6945372639293907,0.0002965273136803531,29.6527313680353
0.151,0.000696527313680626,0.696527313680626,0.0002985173634315969,29.85173634315969
0.152,0.0006985173634318684,0.6985173634318684,0.0003005074131828406,30.05074131828406
0.153,0.0007005074131831108,0.7005074131831108,0.0003024974629340844,30.24974629340845
0.154,0.0007024974629343532,0.7024974629343532,0.0003044875126853283,30.44875126853283
0.155,0.0007044875126855885,0.7044875126855885,0.0003064775624365721,30.64775624365721
0.156,0.0007064775624368309,0.7064775624368309,0.0003084676121878158,30.84676121878158
0.157,0.0007084676121880733,0.7084676121880733,0.0003104576619390596,31.04576619390597
0.158,0.0007104576619393157,0.7104576619393157,0.0003124477116903035,31.24477116903035
0.159,0.000712447711690551,0.712447711690551,0.0003144377614415473,31.44377614415473
0.16,0.0007144377614417934,0.7144377614417934,0.000316427811192791,31.6427811192791
0.161,0.0007164278111930429,0.7164278111930429,0.0003184178609440349,31.84178609440348
0.162,0.0007184178609442711,0.7184178609442711,0.0003204079106952786,32.04079106952786
0.163,0.0007204079106955134,0.7204079106955135,0.0003223979604465225,32.23979604465224
0.164,0.00072239796044677,0.7223979604467701,0.0003243880101977662,32.43880101977663
0.165,0.0007243880101979982,0.7243880101979983,0.0003263780599490101,32.63780599490101
0.166,0.0007263780599492406,0.7263780599492407,0.0003283681097002539,32.83681097002539
0.167,0.0007283681097004688,0.7283681097004688,0.0003303581594514977,33.03581594514977
0.168,0.0007303581594517112,0.7303581594517112,0.0003323482092027415,33.23482092027415
0.169,0.0007323482092029678,0.7323482092029678,0.0003343382589539852,33.43382589539852
0.17,0.000734338258954196,0.734338258954196,0.000336328308705229,33.63283087052289
0.171,0.0007363283087054385,0.7363283087054384,0.0003383183584564728,33.83183584564728
0.172,0.0007383183584566809,0.7383183584566808,0.0003403084082077166,34.03084082077166
0.173,0.0007403084082079089,0.740308408207909,0.0003422984579589604,34.22984579589604
0.174,0.0007422984579591514,0.7422984579591514,0.0003442885077102042,34.42885077102042
0.175,0.000744288507710408,0.744288507710408,0.000346278557461448,34.6278557461448
0.176,0.0007462785574616362,0.7462785574616362,0.0003482686072126917,34.82686072126918
0.177,0.0007482686072128786,0.7482686072128786,0.0003502586569639356,35.02586569639356
0.178,0.0007502586569641352,0.7502586569641352,0.0003522487067151794,35.22487067151793
0.179,0.0007522487067153634,0.7522487067153634,0.0003542387564664232,35.42387564664232
0.18,0.0007542387564666058,0.7542387564666058,0.000356228806217667,35.6228806217667
0.181,0.000756228806217834,0.7562288062178339,0.0003582188559689108,35.82188559689108
0.182,0.0007582188559690764,0.7582188559690763,0.0003602089057201546,36.02089057201546
0.183,0.000760208905720333,0.760208905720333,0.0003621989554713983,36.21989554713983
0.184,0.0007621989554715611,0.7621989554715611,0.0003641890052226421,36.41890052226422
0.185,0.0007641890052228035,0.7641890052228035,0.000366179054973886,36.6179054973886
0.186,0.0007661790549740601,0.7661790549740601,0.0003681691047251298,36.81691047251298
0.187,0.0007681691047252883,0.7681691047252883,0.0003701591544763736,37.01591544763736
0.188,0.0007701591544765307,0.7701591544765307,0.0003721492042276174,37.21492042276174
0.189,0.0007721492042277589,0.7721492042277589,0.0003741392539788612,37.41392539788612
0.19,0.0007741392539790013,0.7741392539790013,0.000376129303730105,37.61293037301051
0.191,0.0007761293037302579,0.7761293037302579,0.0003781193534813488,37.81193534813488
0.192,0.0007781193534814861,0.7781193534814861,0.0003801094032325925,38.01094032325925
0.193,0.0007801094032327285,0.7801094032327285,0.0003820994529838363,38.20994529838363
0.194,0.0007820994529839851,0.7820994529839851,0.0003840895027350801,38.40895027350801
0.195,0.0007840895027352132,0.7840895027352133,0.0003860795524863239,38.60795524863239
0.196,0.0007860795524864556,0.7860795524864557,0.0003880696022375678,38.80696022375678
0.197,0.0007880696022376838,0.7880696022376839,0.0003900596519888116,39.00596519888116
0.198,0.0007900596519889262,0.7900596519889262,0.0003920497017400554,39.20497017400555
0.199,0.0007920497017401687,0.7920497017401686,0.0003940397514912993,39.40397514912993
0.2,0.0007940397514914111,0.794039751491411,0.000396029801242543,39.60298012425429
0.201,0.0007960298012426535,0.7960298012426534,0.0003980198509937868,39.80198509937868
0.202,0.0007980198509938959,0.7980198509938958,0.0004000099007450306,40.00099007450306
0.203,0.0008000099007451383,0.8000099007451382,0.0004019999504962744,40.19999504962743
0.204,0.0008019999504963806,0.8019999504963806,0.0004039900002475181,40.39900002475181
0.205,0.000803990000247623,0.803990000247623,0.0004059800499987619,40.59800499987619
0.206,0.0008059800499988512,0.8059800499988512,0.0004079700997500057,40.79700997500057
0.207,0.0008079700997500936,0.8079700997500936,0.0004099601495012495,40.99601495012495
0.208,0.0008099601495013502,0.8099601495013502,0.0004119501992524933,41.19501992524933
0.209,0.0008119501992525784,0.8119501992525784,0.0004139402490037371,41.39402490037372
0.21,0.0008139402490038208,0.8139402490038208,0.0004159302987549809,41.5930298754981
0.211,0.000815930298755049,0.815930298755049,0.0004179203485062248,41.79203485062248
0.212,0.0008179203485062914,0.8179203485062914,0.0004199103982574686,41.99103982574686
0.213,0.000819910398257548,0.819910398257548,0.0004219004480087123,42.19004480087123
0.214,0.0008219004480087761,0.8219004480087762,0.000423890497759956,42.3890497759956
0.215,0.0008238904977600185,0.8238904977600185,0.0004258805475111999,42.58805475111998
0.216,0.0008258805475112609,0.8258805475112609,0.0004278705972624437,42.78705972624437
0.217,0.0008278705972625033,0.8278705972625033,0.0004298606470136875,42.98606470136875
0.218,0.0008298606470137457,0.8298606470137457,0.0004318506967649313,43.18506967649313
0.219,0.0008318506967649739,0.8318506967649739,0.0004338407465161752,43.38407465161752
0.22,0.0008338407465162163,0.8338407465162163,0.000435830796267419,43.5830796267419
0.221,0.0008358307962674729,0.8358307962674729,0.0004378208460186627,43.78208460186627
0.222,0.0008378208460187011,0.8378208460187011,0.0004398108957699065,43.98108957699065
0.223,0.0008398108957699435,0.8398108957699435,0.0004418009455211503,44.18009455211503
0.224,0.0008418009455211859,0.8418009455211859,0.0004437909952723941,44.37909952723941
0.225,0.0008437909952724282,0.8437909952724283,0.0004457810450236379,44.57810450236379
0.226,0.0008457810450236706,0.8457810450236707,0.0004477710947748817,44.77710947748817
0.227,0.0008477710947748989,0.8477710947748989,0.0004497611445261255,44.97611445261255
0.228,0.0008497611445261413,0.8497611445261413,0.0004517511942773693,45.17511942773693
0.229,0.0008517511942773979,0.8517511942773979,0.000453741244028613,45.37412440286131
0.23,0.0008537412440286119,0.8537412440286118,0.000455731293779857,45.57312937798569
0.231,0.0008557312937798685,0.8557312937798685,0.0004577213435311007,45.77213435311007
0.232,0.0008577213435311109,0.8577213435311108,0.0004597113932823445,45.97113932823445
0.233,0.0008597113932823391,0.859711393282339,0.0004617014430335883,46.17014430335883
0.234,0.0008617014430335957,0.8617014430335956,0.0004636914927848321,46.36914927848321
0.235,0.000863691492784838,0.863691492784838,0.0004656815425360759,46.56815425360759
0.236,0.0008656815425360804,0.8656815425360804,0.0004676715922873196,46.76715922873196
0.237,0.0008676715922873228,0.8676715922873228,0.0004696616420385634,46.96616420385634
0.238,0.0008696616420385652,0.8696616420385652,0.0004716516917898071,47.16516917898071
0.239,0.0008716516917898076,0.8716516917898076,0.0004736417415410509,47.36417415410509
0.24,0.0008736417415410642,0.8736417415410642,0.0004756317912922947,47.56317912922947
0.241,0.0008756317912922924,0.8756317912922924,0.0004776218410435385,47.76218410435386
0.242,0.000877621841043549,0.877621841043549,0.0004796118907947823,47.96118907947823
0.243,0.0008796118907947914,0.8796118907947914,0.000481601940546026,48.1601940546026
0.244,0.0008816019405460196,0.8816019405460196,0.0004835919902972698,48.35919902972698
0.245,0.0008835919902972762,0.8835919902972762,0.0004855820400485136,48.55820400485136
0.246,0.0008855820400485186,0.8855820400485186,0.0004875720897997575,48.75720897997575
0.247,0.0008875720897997609,0.887572089799761,0.0004895621395510012,48.95621395510012
0.248,0.0008895621395510033,0.8895621395510034,0.000491552189302245,49.1552189302245
0.249,0.0008915521893022457,0.8915521893022458,0.0004935422390534888,49.35422390534888
0.25,0.0008935422390534881,0.8935422390534882,0.0004955322888047326,49.55322888047326
0.25,0.0008935422393022492,0.8935422393022492,0.0004955322890534895,49.55322890534895
0.25,0.00089354218930211,0.89354218930211,0.0004955322890534895,49.55322890534895
0.251,0.0006423850031132759,0.6423850031132758,0.0004967880749844337,49.67880749844337
0.252,0.0005505086906152457,0.5505086906152457,0.0004972474565469238,49.72474565469238
0.253,0.0005169527923242327,0.5169527923242327,0.0004974152360383788,49.74152360383788
0.254,0.0005046118185588142,0.5046118185588142,0.0004974769409072059,49.74769409072059
0.255,0.0005001281135372011,0.5001281135372011,0.000497499359432314,49.7499359432314
0.256,0.000498424809977891,0.498424809977891,0.0004975078759501105,49.75078759501105
0.257,0.0004978156307848707,0.4978156307848707,0.0004975109218460757,49.75109218460756
0.258,0.0004976174481893593,0.4976174481893594,0.0004975119127590532,49.75119127590532
0.259,0.000497556155993351,0.497556155993351,0.0004975122192200333,49.75122192200332
0.26,0.0004975242695194737,0.4975242695194737,0.0004975123786524027,49.75123786524027
0.261,0.0004975146038466107,0.4975146038466107,0.000497512426980767,49.7512426980767
0.262,0.0004975088497058237,0.4975088497058238,0.0004975124557514709,49.7512455751471
0.263,0.0004975073684902753,0.4975073684902753,0.0004975124631575486,49.75124631575486
0.264,0.0004975083811244331,0.4975083811244332,0.0004975124580943778,49.75124580943778
0.265,0.0004975093937585911,0.497509393758591,0.000497512453031207,49.7512453031207
0.266,0.0004975104063927489,0.4975104063927489,0.0004975124479680362,49.75124479680363
0.267,0.0004975114190269068,0.4975114190269068,0.0004975124429048654,49.75124429048654
0.268,0.000497511628302945,0.497511628302945,0.0004975124418584853,49.75124418584853
0.269,0.0004975118286041038,0.4975118286041038,0.0004975124408569795,49.75124408569795
0.27,0.0004975120289052626,0.4975120289052626,0.0004975124398554737,49.75124398554738
0.271,0.0004975122292064214,0.4975122292064214,0.0004975124388539679,49.75124388539679
0.272,0.0004975122594698434,0.4975122594698433,0.0004975124387026508,49.75124387026508
0.273,0.0004975122814541066,0.4975122814541066,0.0004975124385927295,49.75124385927295
0.274,0.0004975123034383699,0.4975123034383699,0.0004975124384828082,49.75124384828082
0.275,0.0004975123254226333,0.4975123254226332,0.0004975124383728869,49.75124383728869
0.276,0.0004975123474068965,0.4975123474068965,0.0004975124382629655,49.75124382629655
0.277,0.0004975123693911599,0.4975123693911598,0.0004975124381530442,49.75124381530442
0.278,0.0004975123913754231,0.4975123913754231,0.0004975124380431229,49.75124380431229
0.279,0.0004975124133596864,0.4975124133596864,0.0004975124379332016,49.75124379332016
0.28,0.0004975124170629641,0.4975124170629641,0.0004975124379146852,49.75124379146852
0.281,0.0004975124183394684,0.4975124183394684,0.0004975124379083026,49.75124379083026
0.282,0.0004975124196159726,0.4975124196159726,0.0004975124379019201,49.75124379019201
0.283,0.0004975124208924768,0.4975124208924768,0.0004975124378955376,49.75124378955376
0.284,0.0004975124221689811,0.4975124221689811,0.000497512437889155,49.7512437889155
0.285,0.0004975124234454852,0.4975124234454853,0.0004975124378827726,49.75124378827726
0.286,0.0004975124247219895,0.4975124247219895,0.0004975124378763901,49.75124378763901
0.287,0.0004975124259984937,0.4975124259984938,0.0004975124378700075,49.75124378700075
0.288,0.000497512427274998,0.497512427274998,0.000497512437863625,49.7512437863625
0.289,0.0004975124285515022,0.4975124285515022,0.0004975124378572425,49.75124378572425
0.29,0.0004975124298280065,0.4975124298280065,0.0004975124378508599,49.75124378508599
0.291,0.0004975124311045107,0.4975124311045107,0.0004975124378444774,49.75124378444774
0.292,0.000497512432381015,0.4975124323810149,0.000497512437838095,49.7512437838095
0.293,0.0004975124336575192,0.4975124336575192,0.0004975124378317124,49.75124378317124
0.294,0.0004975124349340235,0.4975124349340234,0.0004975124378253299,49.75124378253299
0.295,0.0004975124362105276,0.4975124362105277,0.0004975124378189474,49.75124378189474
0.296,0.0004975124365690818,0.4975124365690817,0.0004975124378171547,49.75124378171547
0.297,0.0004975124366072521,0.4975124366072521,0.0004975124378169638,49.75124378169637
0.298,0.0004975124366454225,0.4975124366454224,0.0004975124378167729,49.7512437816773
0.299,0.0004975124366835786,0.4975124366835786,0.0004975124378165821,49.75124378165821
0.3,0.0004975124367217489,0.4975124367217489,0.0004975124378163912,49.75124378163912
0.301,0.0004975124367599193,0.4975124367599193,0.0004975124378162004,49.75124378162004
0.302,0.0004975124367980896,0.4975124367980897,0.0004975124378160096,49.75124378160096
0.303,0.00049751243683626,0.49751243683626,0.0004975124378158187,49.75124378158187
0.304,0.0004975124368744304,0.4975124368744304,0.0004975124378156279,49.75124378156279
0.305,0.0004975124369126007,0.4975124369126007,0.000497512437815437,49.7512437815437
0.306,0.0004975124369507569,0.4975124369507569,0.0004975124378152463,49.75124378152463
0.307,0.0004975124369889272,0.4975124369889272,0.0004975124378150555,49.75124378150554
0.308,0.0004975124370270975,0.4975124370270976,0.0004975124378148645,49.75124378148645
0.309,0.000497512437065268,0.4975124370652679,0.0004975124378146737,49.75124378146737
0.31,0.0004975124371034383,0.4975124371034383,0.0004975124378144829,49.75124378144829
0.311,0.0004975124371416087,0.4975124371416086,0.000497512437814292,49.7512437814292
0.312,0.0004975124371797648,0.4975124371797648,0.0004975124378141011,49.75124378141011
0.313,0.0004975124372179351,0.4975124372179351,0.0004975124378139103,49.75124378139103
0.314,0.0004975124372561055,0.4975124372561055,0.0004975124378137195,49.75124378137195
0.315,0.0004975124372942759,0.4975124372942759,0.0004975124378135286,49.75124378135285
0.316,0.0004975124373324462,0.4975124373324462,0.0004975124378133378,49.75124378133378
0.317,0.0004975124373706166,0.4975124373706166,0.0004975124378131469,49.75124378131469
0.318,0.0004975124374087727,0.4975124374087727,0.0004975124378129562,49.75124378129562
0.319,0.0004975124374469431,0.4975124374469431,0.0004975124378127653,49.75124378127653
0.32,0.0004975124374851134,0.4975124374851134,0.0004975124378125745,49.75124378125745
0.321,0.0004975124375232837,0.4975124375232838,0.0004975124378123837,49.75124378123837
0.322,0.0004975124375614542,0.4975124375614541,0.0004975124378121927,49.75124378121927
0.323,0.0004975124375996245,0.4975124375996245,0.0004975124378120019,49.75124378120019
0.324,0.0004975124376377806,0.4975124376377806,0.0004975124378118111,49.75124378118111
0.325,0.000497512437675951,0.497512437675951,0.0004975124378116203,49.75124378116202
0.326,0.0004975124377141213,0.4975124377141213,0.0004975124378114293,49.75124378114293
0.327,0.0004975124377522917,0.4975124377522917,0.0004975124378112385,49.75124378112385
0.328,0.0004975124377732385,0.4975124377732385,0.0004975124378111338,49.75124378111338
0.329,0.0004975124377738212,0.4975124377738211,0.000497512437811131,49.7512437811131
0.33,0.0004975124377743896,0.4975124377743896,0.000497512437811128,49.75124378111281
0.331,0.0004975124377749722,0.4975124377749722,0.0004975124378111251,49.75124378111251
0.332,0.0004975124377755548,0.4975124377755549,0.0004975124378111223,49.75124378111223
0.333,0.0004975124377761375,0.4975124377761375,0.0004975124378111194,49.75124378111194
0.334,0.0004975124377767059,0.497512437776706,0.0004975124378111164,49.75124378111165
0.335,0.0004975124377772886,0.4975124377772886,0.0004975124378111136,49.75124378111136
0.336,0.0004975124377778712,0.4975124377778712,0.0004975124378111107,49.75124378111107
0.337,0.0004975124377784539,0.4975124377784539,0.0004975124378111078,49.75124378111077
0.338,0.0004975124377790223,0.4975124377790223,0.0004975124378111049,49.7512437811105
0.339,0.000497512437779605,0.497512437779605,0.000497512437811102,49.7512437811102
0.34,0.0004975124377801876,0.4975124377801876,0.0004975124378110991,49.75124378110991
0.341,0.0004975124377807703,0.4975124377807703,0.0004975124378110962,49.75124378110961
0.342,0.0004975124377813529,0.4975124377813529,0.0004975124378110932,49.75124378110932
0.343,0.0004975124377819214,0.4975124377819213,0.0004975124378110904,49.75124378110904
0.344,0.000497512437782504,0.497512437782504,0.0004975124378110875,49.75124378110875
0.345,0.0004975124377830867,0.4975124377830866,0.0004975124378110846,49.75124378110846
0.346,0.0004975124377836693,0.4975124377836693,0.0004975124378110816,49.75124378110817
0.347,0.0004975124377842377,0.4975124377842377,0.0004975124378110788,49.75124378110788
0.348,0.0004975124377848203,0.4975124377848203,0.0004975124378110759,49.75124378110759
0.349,0.000497512437785403,0.497512437785403,0.000497512437811073,49.7512437811073
0.35,0.0004975124377859856,0.4975124377859856,0.0004975124378110701,49.75124378110701
0.351,0.0004975124377865541,0.4975124377865541,0.0004975124378110673,49.75124378110673
0.352,0.0004975124377871367,0.4975124377871367,0.0004975124378110643,49.75124378110643
0.353,0.0004975124377877194,0.4975124377877194,0.0004975124378110615,49.75124378110615
0.354,0.000497512437788302,0.497512437788302,0.0004975124378110585,49.75124378110586
0.355,0.0004975124377888705,0.4975124377888704,0.0004975124378110556,49.75124378110556
0.356,0.0004975124377894531,0.4975124377894531,0.0004975124378110528,49.75124378110528
0.357,0.0004975124377900358,0.4975124377900357,0.0004975124378110499,49.75124378110499
0.358,0.0004975124377906184,0.4975124377906184,0.0004975124378110469,49.75124378110469
0.359,0.0004975124377911869,0.4975124377911868,0.0004975124378110441,49.75124378110441
0.36,0.0004975124377917695,0.4975124377917695,0.0004975124378110412,49.75124378110412
0.361,0.0004975124377923522,0.4975124377923521,0.0004975124378110383,49.75124378110382
0.362,0.0004975124377929348,0.4975124377929347,0.0004975124378110353,49.75124378110353
0.363,0.0004975124377935173,0.4975124377935174,0.0004975124378110324,49.75124378110324
0.364,0.0004975124377940858,0.4975124377940858,0.0004975124378110296,49.75124378110296
0.365,0.0004975124377946684,0.4975124377946685,0.0004975124378110267,49.75124378110267
0.366,0.0004975124377952511,0.4975124377952511,0.0004975124378110237,49.75124378110237
0.367,0.0004975124377958337,0.4975124377958338,0.0004975124378110208,49.75124378110208
0.368,0.0004975124377964022,0.4975124377964022,0.000497512437811018,49.7512437811018
0.369,0.0004975124377969848,0.4975124377969848,0.0004975124378110151,49.75124378110151
0.37,0.0004975124377975675,0.4975124377975675,0.0004975124378110121,49.75124378110122
0.371,0.0004975124377981501,0.4975124377981501,0.0004975124378110093,49.75124378110093
0.372,0.0004975124377987186,0.4975124377987186,0.0004975124378110065,49.75124378110065
0.373,0.0004975124377993012,0.4975124377993012,0.0004975124378110035,49.75124378110035
0.374,0.0004975124377998839,0.4975124377998839,0.0004975124378110006,49.75124378110007
0.375,0.0004975124378004665,0.4975124378004665,0.0004975124378109977,49.75124378109977
0.376,0.000497512437801035,0.4975124378010349,0.0004975124378109948,49.75124378109948
0.377,0.0004975124378016175,0.4975124378016176,0.000497512437810992,49.7512437810992
0.378,0.0004975124378022002,0.4975124378022002,0.000497512437810989,49.75124378109891
0.379,0.0004975124378027828,0.4975124378027829,0.0004975124378109861,49.75124378109861
0.38,0.0004975124378033513,0.4975124378033513,0.0004975124378109833,49.75124378109833
0.381,0.0004975124378039339,0.4975124378039339,0.0004975124378109804,49.75124378109804
0.382,0.0004975124378045166,0.4975124378045166,0.0004975124378109774,49.75124378109774
0.383,0.0004975124378050992,0.4975124378050992,0.0004975124378109745,49.75124378109745
0.384,0.0004975124378056819,0.4975124378056819,0.0004975124378109716,49.75124378109716
0.385,0.0004975124378062503,0.4975124378062503,0.0004975124378109688,49.75124378109687
0.386,0.000497512437806833,0.497512437806833,0.0004975124378109658,49.75124378109658
0.387,0.0004975124378074156,0.4975124378074156,0.0004975124378109629,49.75124378109629
0.388,0.0004975124378079983,0.4975124378079983,0.0004975124378109601,49.75124378109601
0.389,0.0004975124378085667,0.4975124378085667,0.0004975124378109572,49.75124378109572
0.39,0.0004975124378091494,0.4975124378091493,0.0004975124378109542,49.75124378109543
0.391,0.000497512437809732,0.497512437809732,0.0004975124378109514,49.75124378109514
0.392,0.0004975124378103147,0.4975124378103146,0.0004975124378109485,49.75124378109485
0.393,0.0004975124378103857,0.4975124378103857,0.0004975124378109481,49.75124378109481
0.394,0.0004975124378103857,0.4975124378103857,0.0004975124378109481,49.75124378109481
0.395,0.0004975124378103857,0.4975124378103857,0.0004975124378109481,49.75124378109481
0.396,0.0004975124378103999,0.4975124378103999,0.0004975124378109481,49.75124378109481
0.397,0.0004975124378103999,0.4975124378103999,0.0004975124378109481,49.75124378109481
0.398,0.0004975124378103999,0.4975124378103999,0.0004975124378109481,49.75124378109481
0.399,0.0004975124378103999,0.4975124378103999,0.0004975124378109481,49.75124378109481
0.4,0.0004975124378104141,0.4975124378104141,0.000497512437810948,49.75124378109479
0.401,0.0004975124378104141,0.4975124378104141,0.000497512437810948,49.75124378109479
0.402,0.0004975124378104141,0.4975124378104141,0.000497512437810948,49.75124378109479
0.403,0.0004975124378104283,0.4975124378104283,0.000497512437810948,49.75124378109479
0.404,0.0004975124378104283,0.4975124378104283,0.000497512437810948,49.75124378109479
0.405,0.0004975124378104283,0.4975124378104283,0.000497512437810948,49.75124378109479
0.406,0.0004975124378104425,0.4975124378104425,0.0004975124378109478,49.75124378109479
0.407,0.0004975124378104425,0.4975124378104425,0.0004975124378109477,49.75124378109477
0.408,0.0004975124378104425,0.4975124378104425,0.0004975124378109478,49.75124378109479
0.409,0.0004975124378104567,0.4975124378104567,0.0004975124378109477,49.75124378109477
0.41,0.0004975124378104567,0.4975124378104567,0.0004975124378109477,49.75124378109477
0.411,0.0004975124378104567,0.4975124378104567,0.0004975124378109477,49.75124378109477
0.412,0.0004975124378104567,0.4975124378104567,0.0004975124378109477,49.75124378109477
0.413,0.0004975124378104709,0.4975124378104709,0.0004975124378109477,49.75124378109477
0.414,0.0004975124378104709,0.4975124378104709,0.0004975124378109476,49.75124378109476
0.415,0.0004975124378104709,0.4975124378104709,0.0004975124378109477,49.75124378109477
0.416,0.0004975124378104851,0.4975124378104852,0.0004975124378109476,49.75124378109476
0.417,0.0004975124378104851,0.4975124378104852,0.0004975124378109476,49.75124378109476
0.418,0.0004975124378104851,0.4975124378104852,0.0004975124378109476,49.75124378109476
0.419,0.0004975124378104993,0.4975124378104994,0.0004975124378109475,49.75124378109475
0.42,0.0004975124378104993,0.4975124378104994,0.0004975124378109475,49.75124378109475
0.421,0.0004975124378104993,0.4975124378104994,0.0004975124378109475,49.75124378109475
0.422,0.0004975124378105136,0.4975124378105136,0.0004975124378109475,49.75124378109475
0.423,0.0004975124378105136,0.4975124378105136,0.0004975124378109475,49.75124378109475
0.424,0.0004975124378105136,0.4975124378105136,0.0004975124378109475,49.75124378109475
0.425,0.0004975124378105136,0.4975124378105136,0.0004975124378109475,49.75124378109475
0.426,0.0004975124378105278,0.4975124378105278,0.0004975124378109474,49.75124378109474
0.427,0.0004975124378105278,0.4975124378105278,0.0004975124378109473,49.75124378109473
0.428,0.0004975124378105278,0.4975124378105278,0.0004975124378109474,49.75124378109474
0.429,0.000497512437810542,0.497512437810542,0.0004975124378109473,49.75124378109473
0.43,0.000497512437810542,0.497512437810542,0.0004975124378109473,49.75124378109473
0.431,0.000497512437810542,0.497512437810542,0.0004975124378109473,49.75124378109473
0.432,0.0004975124378105562,0.4975124378105562,0.0004975124378109472,49.75124378109472
0.433,0.0004975124378105562,0.4975124378105562,0.0004975124378109472,49.75124378109472
0.434,0.0004975124378105562,0.4975124378105562,0.0004975124378109472,49.75124378109472
0.435,0.0004975124378105704,0.4975124378105704,0.0004975124378109472,49.75124378109472
0.436,0.0004975124378105704,0.4975124378105704,0.0004975124378109472,49.75124378109472
0.437,0.0004975124378105704,0.4975124378105704,0.0004975124378109472,49.75124378109472
0.438,0.0004975124378105704,0.4975124378105704,0.0004975124378109472,49.75124378109472
0.439,0.0004975124378105846,0.4975124378105846,0.0004975124378109471,49.75124378109471
0.44,0.0004975124378105846,0.4975124378105846,0.0004975124378109471,49.75124378109471
0.441,0.0004975124378105846,0.4975124378105846,0.0004975124378109471,49.75124378109471
0.442,0.0004975124378105988,0.4975124378105988,0.0004975124378109471,49.75124378109471
0.443,0.0004975124378105988,0.4975124378105988,0.0004975124378109471,49.75124378109471
0.444,0.0004975124378105988,0.4975124378105988,0.0004975124378109471,49.75124378109471
0.445,0.000497512437810613,0.4975124378106131,0.000497512437810947,49.7512437810947
0.446,0.000497512437810613,0.4975124378106131,0.0004975124378109469,49.75124378109469
0.447,0.000497512437810613,0.4975124378106131,0.000497512437810947,49.7512437810947
0.448,0.0004975124378106272,0.4975124378106273,0.0004975124378109469,49.75124378109469
0.449,0.0004975124378106272,0.4975124378106273,0.0004975124378109469,49.75124378109469
0.45,0.0004975124378106272,0.4975124378106273,0.0004975124378109469,49.75124378109469
0.451,0.0004975124378106272,0.4975124378106273,0.0004975124378109469,49.75124378109469
0.452,0.0004975124378106414,0.4975124378106415,0.0004975124378109469,49.75124378109469
0.453,0.0004975124378106414,0.4975124378106415,0.0004975124378109468,49.75124378109468
0.454,0.0004975124378106414,0.4975124378106415,0.0004975124378109469,49.75124378109469
0.455,0.0004975124378106557,0.4975124378106557,0.0004975124378109468,49.75124378109468
0.456,0.0004975124378106557,0.4975124378106557,0.0004975124378109468,49.75124378109468
0.457,0.0004975124378106557,0.4975124378106557,0.0004975124378109468,49.75124378109468
0.458,0.0004975124378106699,0.4975124378106699,0.0004975124378109467,49.75124378109467
0.459,0.0004975124378106699,0.4975124378106699,0.0004975124378109467,49.75124378109467
0.46,0.0004975124378106699,0.4975124378106699,0.0004975124378109467,49.75124378109467
0.461,0.0004975124378106841,0.4975124378106841,0.0004975124378109467,49.75124378109467
0.462,0.0004975124378106841,0.4975124378106841,0.0004975124378109467,49.75124378109467
0.463,0.0004975124378106841,0.4975124378106841,0.0004975124378109467,49.75124378109467
0.464,0.0004975124378106841,0.4975124378106841,0.0004975124378109467,49.75124378109467
0.465,0.0004975124378106984,0.4975124378106983,0.0004975124378109465,49.75124378109465
0.466,0.0004975124378106984,0.4975124378106983,0.0004975124378109465,49.75124378109465
0.467,0.0004975124378106984,0.4975124378106983,0.0004975124378109465,49.75124378109465
0.468,0.0004975124378107126,0.4975124378107125,0.0004975124378109464,49.75124378109464
0.469,0.0004975124378107126,0.4975124378107125,0.0004975124378109464,49.75124378109464
0.47,0.0004975124378107126,0.4975124378107125,0.0004975124378109464,49.75124378109464
0.471,0.0004975124378107268,0.4975124378107267,0.0004975124378109464,49.75124378109464
0.472,0.0004975124378107268,0.4975124378107267,0.0004975124378109464,49.75124378109464
0.473,0.0004975124378107268,0.4975124378107267,0.0004975124378109464,49.75124378109464
0.474,0.0004975124378107268,0.4975124378107267,0.0004975124378109464,49.75124378109464
0.475,0.000497512437810741,0.4975124378107409,0.0004975124378109463,49.75124378109463
0.476,0.000497512437810741,0.4975124378107409,0.0004975124378109463,49.75124378109463
0.477,0.000497512437810741,0.4975124378107409,0.0004975124378109463,49.75124378109463
0.478,0.0004975124378107552,0.4975124378107552,0.0004975124378109462,49.75124378109462
0.479,0.0004975124378107552,0.4975124378107552,0.0004975124378109462,49.75124378109462
0.48,0.0004975124378107552,0.4975124378107552,0.0004975124378109462,49.75124378109462
0.481,0.0004975124378107694,0.4975124378107694,0.0004975124378109462,49.75124378109462
0.482,0.0004975124378107694,0.4975124378107694,0.0004975124378109462,49.75124378109462
0.483,0.0004975124378107694,0.4975124378107694,0.0004975124378109462,49.75124378109462
0.484,0.0004975124378107836,0.4975124378107836,0.0004975124378109461,49.75124378109461
0.485,0.0004975124378107836,0.4975124378107836,0.0004975124378109461,49.75124378109461
0.486,0.0004975124378107836,0.4975124378107836,0.0004975124378109461,49.75124378109461
0.487,0.0004975124378107836,0.4975124378107836,0.0004975124378109461,49.75124378109461
0.488,0.0004975124378107978,0.4975124378107978,0.000497512437810946,49.7512437810946
0.489,0.0004975124378107978,0.4975124378107978,0.000497512437810946,49.7512437810946
0.49,0.0004975124378107978,0.4975124378107978,0.000497512437810946,49.7512437810946
0.491,0.000497512437810812,0.497512437810812,0.0004975124378109459,49.75124378109459
0.492,0.000497512437810812,0.497512437810812,0.000497512437810946,49.7512437810946
0.493,0.000497512437810812,0.497512437810812,0.0004975124378109459,49.75124378109459
0.494,0.0004975124378108262,0.4975124378108262,0.0004975124378109459,49.75124378109459
0.495,0.0004975124378108262,0.4975124378108262,0.0004975124378109459,49.75124378109459
0.496,0.0004975124378108262,0.4975124378108262,0.0004975124378109459,49.75124378109459
0.497,0.0004975124378108404,0.4975124378108404,0.0004975124378109458,49.75124378109458
0.498,0.0004975124378108404,0.4975124378108404,0.0004975124378109458,49.75124378109458
0.499,0.0004975124378108404,0.4975124378108404,0.0004975124378109458,49.75124378109458
0.5,0.0004975124378108404,0.4975124378108404,0.0004975124378109458,49.75124378109458
0.5,0.0004975124378108404,0.4975124378108404,0.0004975124378109458,49.75124378109458
0.5,0.0004975124378108404,0.4975124378108404,0.0004975124378109458,49.75124378109458
0.5,0.0004975124378108404,0.4975124378108404,0.0009950248755223891,99.50248755223892
0.501,0.0008107684704290961,0.8107684704290961,0.0009918923151965198,99.18923151965198
0.502,0.0009248139899583947,0.9248139899583947,0.000990751860001341,99.0751860001341
0.503,0.0009663308550563982,0.9663308550563983,0.0009903366913504024,99.03366913504024
0.504,0.0009814184937646502,0.9814184937646502,0.0009901858149633349,99.01858149633348
0.505,0.0009869112427887074,0.9869112427887075,0.0009901308874730999,99.01308874730999
0.506,0.0009889300111762935,0.9889300111762935,0.0009901106997892261,99.01106997892261
0.507,0.0009896682819321824,0.9896682819321825,0.0009901033170816678,99.01033170816677
0.508,0.0009899401099047224,0.9899401099047225,0.0009901005988019428,99.01005988019428
0.509,0.0009900301940982529,0.990030194098253,0.0009900996979600074,99.00996979600075
0.51,0.0009900622046471171,0.990062204647117,0.0009900993778545189,99.00993778545188
0.511,0.0009900858072691818,0.9900858072691818,0.0009900991418282984,99.00991418282983
0.512,0.0009900982183494733,0.9900982183494733,0.0009900990177174954,99.00990177174954
0.513,0.0009901005026171389,0.990100502617139,0.0009900989948748188,99.00989948748189
0.514,0.0009901035917754086,0.9901035917754086,0.0009900989639832361,99.00989639832362
0.515,0.0009901045762951101,0.99010457629511,0.000990098954138039,99.0098954138039
0.516,0.0009901037623637023,0.9901037623637023,0.0009900989622773531,99.00989622773531
0.517,0.0009901030407690997,0.9901030407690996,0.000990098969493299,99.0098969493299
0.518,0.0009901023191745111,0.9901023191745111,0.000990098976709245,99.0098976709245
0.519,0.0009901015975799083,0.9901015975799083,0.0009900989839251909,99.00989839251909
0.52,0.0009901008759853199,0.9901008759853198,0.0009900989911411368,99.00989911411368
0.521,0.0009901001543907171,0.9901001543907171,0.000990098998357083,99.0098998357083
0.522,0.0009900997015354137,0.9900997015354136,0.0009900990028856361,99.00990028856361
0.523,0.0009900996452906555,0.9900996452906554,0.0009900990034480835,99.00990034480836
0.524,0.0009900995890458973,0.9900995890458972,0.0009900990040105312,99.00990040105312
0.525,0.0009900995328011391,0.990099532801139,0.0009900990045729789,99.00990045729789
0.526,0.0009900994765563666,0.9900994765563667,0.0009900990051354265,99.00990051354265
0.527,0.0009900994203116084,0.9900994203116085,0.0009900990056978742,99.00990056978742
0.528,0.0009900993640668504,0.9900993640668503,0.0009900990062603216,99.00990062603216
0.529,0.0009900993078220779,0.9900993078220779,0.0009900990068227693,99.00990068227692
0.53,0.0009900992515773197,0.9900992515773197,0.0009900990073852169,99.00990073852169
0.531,0.0009900991953325615,0.9900991953325615,0.0009900990079476646,99.00990079476645
0.532,0.0009900991390878033,0.9900991390878033,0.000990099008510112,99.00990085101121
0.533,0.000990099082843031,0.9900990828430309,0.0009900990090725597,99.00990090725597
0.534,0.0009900990639136467,0.9900990639136467,0.0009900990092618536,99.00990092618535
0.535,0.0009900990616327477,0.9900990616327476,0.0009900990092846626,99.00990092846627
0.536,0.0009900990593518628,0.9900990593518628,0.0009900990093074714,99.00990093074714
0.537,0.0009900990570709638,0.9900990570709638,0.0009900990093302804,99.00990093302804
0.538,0.0009900990547900648,0.9900990547900648,0.0009900990093530894,99.00990093530893
0.539,0.0009900990525091658,0.9900990525091657,0.0009900990093758984,99.00990093758985
0.54,0.0009900990502282809,0.9900990502282809,0.0009900990093987072,99.00990093987072
0.541,0.0009900990479473819,0.9900990479473819,0.0009900990094215162,99.00990094215162
0.542,0.0009900990456664829,0.9900990456664829,0.0009900990094443252,99.00990094443253
0.543,0.000990099043385598,0.9900990433855981,0.000990099009467134,99.0099009467134
0.544,0.000990099041104699,0.990099041104699,0.000990099009489943,99.0099009489943
0.545,0.0009900990388238,0.9900990388238,0.0009900990095127521,99.0099009512752
0.546,0.000990099036542901,0.990099036542901,0.0009900990095355611,99.00990095355611
0.547,0.0009900990342620161,0.9900990342620162,0.0009900990095583699,99.00990095583698
0.548,0.0009900990319811171,0.9900990319811172,0.0009900990095811789,99.00990095811788
0.549,0.0009900990297002181,0.9900990297002181,0.0009900990096039879,99.0099009603988
0.55,0.0009900990274193332,0.9900990274193333,0.0009900990096267967,99.00990096267967
0.55,0.0009900990274193332,0.9900990274193333,0.0009900990096267967,99.00990096267967
0.55,0.0009900990274193332,0.9900990274193333,0.0004950495048629033,49.50495048629033
0.551,0.0006777201096632553,0.6777201096632552,0.0004966113994516837,49.66113994516837
0.552,0.0005634444154664919,0.5634444154664919,0.0004971827779226676,49.71827779226675
0.553,0.0005216496442545946,0.5216496442545946,0.0004973917517787271,49.73917517787271
0.554,0.0005063354450855399,0.50633544508554,0.0004974683227745723,49.74683227745723
0.555,0.0005007443795499,0.5007443795499,0.0004974962781022506,49.74962781022506
0.556,0.000498675901820576,0.498675901820576,0.0004975066204908972,49.75066204908971
0.557,0.0004979495092185573,0.4979495092185573,0.0004975102524539072,49.75102524539072
0.558,0.0004976809997193215,0.4976809997193214,0.0004975115950014034,49.75115950014034
0.559,0.0004975676776546009,0.497567677654601,0.000497512161611727,49.7512161611727
0.56,0.0004975284338606087,0.4975284338606087,0.0004975123578306969,49.75123578306969
0.561,0.0004975152200722306,0.4975152200722306,0.0004975124238996389,49.75124238996389
0.562,0.0004975098807584288,0.4975098807584288,0.0004975124505962079,49.75124505962079
0.563,0.0004975091163883007,0.4975091163883008,0.0004975124544180585,49.75124544180585
0.564,0.0004975099525013462,0.4975099525013462,0.0004975124502374933,49.75124502374933
0.565,0.0004975107886144059,0.4975107886144059,0.000497512446056928,49.7512446056928
0.566,0.0004975116083795826,0.4975116083795825,0.000497512441958102,49.7512441958102
0.567,0.0004975117201249333,0.4975117201249333,0.0004975124413993754,49.75124413993753
0.568,0.0004975118318702698,0.4975118318702698,0.0004975124408406487,49.75124408406487
0.569,0.0004975119436156206,0.4975119436156206,0.0004975124402819219,49.75124402819219
0.57,0.0004975120553609571,0.4975120553609571,0.0004975124397231952,49.75124397231952
0.571,0.0004975121671062936,0.4975121671062936,0.0004975124391644685,49.75124391644685
0.572,0.0004975122788516444,0.4975122788516444,0.0004975124386057419,49.75124386057418
0.573,0.0004975123312028131,0.4975123312028131,0.000497512438343986,49.7512438343986
0.574,0.0004975123392048459,0.4975123392048459,0.0004975124383039758,49.75124383039758
0.575,0.0004975123472068788,0.4975123472068788,0.0004975124382639657,49.75124382639657
0.576,0.0004975123552089115,0.4975123552089116,0.0004975124382239555,49.75124382239554
0.577,0.0004975123632109444,0.4975123632109444,0.0004975124381839453,49.75124381839453
0.578,0.0004975123712129772,0.4975123712129772,0.0004975124381439352,49.75124381439352
0.579,0.0004975123792150101,0.49751237921501,0.000497512438103925,49.75124381039249
0.58,0.0004975123872170428,0.4975123872170428,0.0004975124380639148,49.75124380639148
0.581,0.0004975123952190756,0.4975123952190756,0.0004975124380239047,49.75124380239047
0.582,0.0004975124032211085,0.4975124032211085,0.0004975124379838945,49.75124379838945
0.583,0.0004975124112231412,0.4975124112231413,0.0004975124379438844,49.75124379438844
0.584,0.0004975124192251741,0.4975124192251741,0.0004975124379038742,49.75124379038741
0.585,0.0004975124272272069,0.4975124272272069,0.000497512437863864,49.7512437863864
0.586,0.0004975124300485163,0.4975124300485163,0.0004975124378497575,49.75124378497575
0.587,0.0004975124303456653,0.4975124303456653,0.0004975124378482717,49.75124378482717
0.588,0.0004975124306428142,0.4975124306428143,0.0004975124378467859,49.75124378467859
0.589,0.0004975124309399633,0.4975124309399632,0.0004975124378453002,49.75124378453003
0.59,0.0004975124312371122,0.4975124312371122,0.0004975124378438145,49.75124378438144
0.591,0.0004975124315342754,0.4975124315342754,0.0004975124378423287,49.75124378423287
0.592,0.0004975124318314243,0.4975124318314244,0.0004975124378408429,49.75124378408429
0.593,0.0004975124321285734,0.4975124321285733,0.0004975124378393572,49.75124378393572
0.594,0.0004975124324257223,0.4975124324257223,0.0004975124378378714,49.75124378378714
0.595,0.0004975124327228713,0.4975124327228713,0.0004975124378363856,49.75124378363856
0.596,0.0004975124330200202,0.4975124330200202,0.0004975124378348999,49.75124378348999
0.597,0.0004975124333171692,0.4975124333171692,0.0004975124378334141,49.75124378334142
0.598,0.0004975124336143181,0.4975124336143182,0.0004975124378319285,49.75124378319285
0.599,0.0004975124339114814,0.4975124339114814,0.0004975124378304427,49.75124378304427
0.6,0.0004975124342086303,0.4975124342086303,0.0004975124378289569,49.75124378289568
0.6,0.0004975124342086303,0.4975124342086303,0.0009950248755584113,99.50248755584113
0.601,0.0008107684963037656,0.8107684963037656,0.0009918923149377732,99.18923149377731
0.602,0.0009248139993823514,0.9248139993823514,0.0009907518599071013,99.07518599071012
0.603,0.0009663308584835448,0.9663308584835448,0.0009903366913161309,99.0336691316131
0.604,0.0009814184950063377,0.9814184950063378,0.0009901858149509179,99.01858149509179
0.605,0.0009869112432447764,0.9869112432447764,0.0009901308874685391,99.01308874685391
0.606,0.0009889300113431147,0.9889300113431148,0.0009901106997875578,99.01106997875577
0.607,0.0009896682819937439,0.9896682819937439,0.0009901033170810522,99.01033170810521
0.608,0.0009899401099269056,0.9899401099269056,0.0009901005988017209,99.01005988017209
0.609,0.0009900301941042358,0.9900301941042358,0.0009900996979599478,99.00996979599478
0.61,0.0009900622046504282,0.9900622046504282,0.0009900993778544859,99.00993778544859
0.611,0.0009900858072718394,0.9900858072718393,0.0009900991418282717,99.00991418282717
0.612,0.0009900982183505818,0.9900982183505818,0.0009900990177174843,99.00990177174843
0.613,0.0009901005026177927,0.9901005026177927,0.0009900989948748121,99.00989948748121
0.614,0.0009901035917758065,0.9901035917758065,0.000990098963983232,99.00989639832321
0.615,0.0009901045762951953,0.9901045762951952,0.0009900989541380381,99.00989541380382
0.616,0.0009901037623636739,0.9901037623636739,0.0009900989622773533,99.00989622773533
0.617,0.000990103040769057,0.990103040769057,0.0009900989694932995,99.00989694932994
0.618,0.0009901023191744543,0.9901023191744542,0.0009900989767092456,99.00989767092456
0.619,0.0009901015975798514,0.9901015975798515,0.0009900989839251916,99.00989839251916
0.62,0.0009901008759852345,0.9901008759852346,0.0009900989911411379,99.00989911411379
0.621,0.0009901001543906318,0.9901001543906318,0.0009900989983570839,99.00989983570838
0.622,0.0009900997015354137,0.9900997015354136,0.0009900990028856361,99.00990028856361
0.623,0.0009900996452906555,0.9900996452906554,0.0009900990034480835,99.00990034480836
0.624,0.000990099589045883,0.990099589045883,0.0009900990040105314,99.00990040105314
0.625,0.0009900995328011248,0.9900995328011248,0.0009900990045729789,99.00990045729789
0.626,0.0009900994765563666,0.9900994765563667,0.0009900990051354265,99.00990051354265
0.627,0.0009900994203115943,0.9900994203115943,0.0009900990056978742,99.00990056978742
0.628,0.0009900993640668361,0.9900993640668361,0.0009900990062603218,99.00990062603218
0.629,0.0009900993078220638,0.9900993078220637,0.0009900990068227695,99.00990068227695
0.63,0.0009900992515773056,0.9900992515773055,0.0009900990073852171,99.00990073852171
0.631,0.0009900991953325474,0.9900991953325473,0.0009900990079476646,99.00990079476645
0.632,0.0009900991390877749,0.9900991390877749,0.0009900990085101122,99.00990085101122
0.633,0.0009900990828430167,0.9900990828430167,0.0009900990090725599,99.009900907256
0.634,0.0009900990639136323,0.9900990639136324,0.0009900990092618538,99.00990092618538
0.635,0.0009900990616327333,0.9900990616327334,0.0009900990092846628,99.00990092846628
0.636,0.0009900990593518344,0.9900990593518344,0.0009900990093074718,99.00990093074718
0.637,0.0009900990570709497,0.9900990570709496,0.0009900990093302806,99.00990093302806
0.638,0.0009900990547900505,0.9900990547900506,0.0009900990093530896,99.00990093530896
0.639,0.0009900990525091658,0.9900990525091657,0.0009900990093758984,99.00990093758985
0.64,0.0009900990502282668,0.9900990502282667,0.0009900990093987074,99.00990093987075
0.641,0.0009900990479473678,0.9900990479473677,0.0009900990094215164,99.00990094215165
0.642,0.0009900990456664829,0.9900990456664829,0.0009900990094443252,99.00990094443253
0.643,0.0009900990433855839,0.9900990433855839,0.0009900990094671343,99.00990094671343
0.644,0.000990099041104699,0.990099041104699,0.000990099009489943,99.0099009489943
0.645,0.0009900990388238,0.9900990388238,0.0009900990095127521,99.0099009512752
0.646,0.000990099036542901,0.990099036542901,0.0009900990095355611,99.00990095355611
0.647,0.0009900990342620161,0.9900990342620162,0.0009900990095583699,99.00990095583698
0.648,0.0009900990319811171,0.9900990319811172,0.0009900990095811789,99.00990095811788
0.649,0.0009900990297002181,0.9900990297002181,0.0009900990096039879,99.0099009603988
0.65,0.0009900990274193332,0.9900990274193333,0.0009900990096267967,99.00990096267967
0.65,0.0009900990274193332,0.9900990274193333,0.0009900990096267967,99.00990096267967
0.65,0.0009900990274193332,0.9900990274193333,0.0004950495048629033,49.50495048629033
0.651,0.0006777201114783651,0.6777201114783651,0.0004966113994426081,49.66113994426081
0.652,0.0005634444161298262,0.5634444161298262,0.0004971827779193509,49.71827779193509
0.653,0.0005216496444969465,0.5216496444969465,0.0004973917517775153,49.73917517775153
0.654,0.0005063354451747273,0.5063354451747273,0.0004974683227741264,49.74683227741264
0.655,0.0005007443795826134,0.5007443795826134,0.000497496278102087,49.7496278102087
0.656,0.0004986759018323568,0.4986759018323568,0.0004975066204908382,49.75066204908381
0.657,0.0004979495092227495,0.4979495092227495,0.0004975102524538862,49.75102524538862
0.658,0.0004976809997209699,0.4976809997209699,0.0004975115950013951,49.75115950013952
0.659,0.0004975676776552689,0.4975676776552689,0.0004975121616117237,49.75121616117237
0.66,0.0004975284338608362,0.4975284338608361,0.0004975123578306958,49.75123578306958
0.661,0.0004975152200722733,0.4975152200722732,0.0004975124238996387,49.75124238996387
0.662,0.0004975098807584573,0.4975098807584573,0.0004975124505962078,49.75124505962078
0.663,0.0004975091163883007,0.4975091163883008,0.0004975124544180585,49.75124544180585
0.664,0.0004975099525013462,0.4975099525013462,0.0004975124502374933,49.75124502374933
0.665,0.0004975107886143917,0.4975107886143917,0.0004975124460569281,49.75124460569281
0.666,0.0004975116083795826,0.4975116083795825,0.000497512441958102,49.7512441958102
0.667,0.0004975117201249333,0.4975117201249333,0.0004975124413993754,49.75124413993753
0.668,0.0004975118318702698,0.4975118318702698,0.0004975124408406487,49.75124408406487
0.669,0.0004975119436156064,0.4975119436156064,0.000497512440281922,49.7512440281922
0.67,0.0004975120553609571,0.4975120553609571,0.0004975124397231952,49.75124397231952
0.671,0.0004975121671062936,0.4975121671062936,0.0004975124391644685,49.75124391644685
0.672,0.0004975122788516444,0.4975122788516444,0.0004975124386057419,49.75124386057418
0.673,0.0004975123312028131,0.4975123312028131,0.000497512438343986,49.7512438343986
0.674,0.0004975123392048459,0.4975123392048459,0.0004975124383039758,49.75124383039758
0.675,0.0004975123472068788,0.4975123472068788,0.0004975124382639657,49.75124382639657
0.676,0.0004975123552089115,0.4975123552089116,0.0004975124382239555,49.75124382239554
0.677,0.0004975123632109444,0.4975123632109444,0.0004975124381839453,49.75124381839453
0.678,0.0004975123712129772,0.4975123712129772,0.0004975124381439352,49.75124381439352
0.679,0.0004975123792150101,0.49751237921501,0.000497512438103925,49.75124381039249
0.68,0.0004975123872170428,0.4975123872170428,0.0004975124380639148,49.75124380639148
0.681,0.0004975123952190756,0.4975123952190756,0.0004975124380239047,49.75124380239047
0.682,0.0004975124032211085,0.4975124032211085,0.0004975124379838945,49.75124379838945
0.683,0.0004975124112231412,0.4975124112231413,0.0004975124379438844,49.75124379438844
0.684,0.0004975124192251741,0.4975124192251741,0.0004975124379038742,49.75124379038741
0.685,0.0004975124272272069,0.4975124272272069,0.000497512437863864,49.7512437863864
0.686,0.0004975124300485163,0.4975124300485163,0.0004975124378497575,49.75124378497575
0.687,0.0004975124303456653,0.4975124303456653,0.0004975124378482717,49.75124378482717
0.688,0.0004975124306428142,0.4975124306428143,0.0004975124378467859,49.75124378467859
0.689,0.0004975124309399633,0.4975124309399632,0.0004975124378453002,49.75124378453003
0.69,0.0004975124312371122,0.4975124312371122,0.0004975124378438145,49.75124378438144
0.691,0.0004975124315342754,0.4975124315342754,0.0004975124378423287,49.75124378423287
0.692,0.0004975124318314243,0.4975124318314244,0.0004975124378408429,49.75124378408429
0.693,0.0004975124321285734,0.4975124321285733,0.0004975124378393572,49.75124378393572
0.694,0.0004975124324257223,0.4975124324257223,0.0004975124378378714,49.75124378378714
0.695,0.0004975124327228713,0.4975124327228713,0.0004975124378363856,49.75124378363856
0.696,0.0004975124330200202,0.4975124330200202,0.0004975124378348999,49.75124378348999
0.697,0.0004975124333171692,0.4975124333171692,0.0004975124378334141,49.75124378334142
0.698,0.0004975124336143181,0.4975124336143182,0.0004975124378319285,49.75124378319285
0.699,0.0004975124339114814,0.4975124339114814,0.0004975124378304427,49.75124378304427
0.7,0.0004975124342086303,0.4975124342086303,0.0004975124378289569,49.75124378289568
0.7,0.0004975124342086303,0.4975124342086303,0.0009950248755584113,99.50248755584113
0.701,0.0008107684963037656,0.8107684963037656,0.0009918923149377732,99.18923149377731
0.702,0.0009248139993823514,0.9248139993823514,0.0009907518599071013,99.07518599071012
0.703,0.0009663308584835448,0.9663308584835448,0.0009903366913161309,99.0336691316131
0.704,0.0009814184950063377,0.9814184950063378,0.0009901858149509179,99.01858149509179
0.705,0.0009869112432447764,0.9869112432447764,0.0009901308874685391,99.01308874685391
0.706,0.0009889300113431147,0.9889300113431148,0.0009901106997875578,99.01106997875577
0.707,0.0009896682819937439,0.9896682819937439,0.0009901033170810522,99.01033170810521
0.708,0.0009899401099269056,0.9899401099269056,0.0009901005988017209,99.01005988017209
0.709,0.0009900301941042358,0.9900301941042358,0.0009900996979599478,99.00996979599478
0.71,0.0009900622046504282,0.9900622046504282,0.0009900993778544859,99.00993778544859
0.711,0.0009900858072718394,0.9900858072718393,0.0009900991418282717,99.00991418282717
0.712,0.0009900982183505818,0.9900982183505818,0.0009900990177174843,99.00990177174843
0.713,0.0009901005026177927,0.9901005026177927,0.0009900989948748121,99.00989948748121
0.714,0.0009901035917758065,0.9901035917758065,0.000990098963983232,99.00989639832321
0.715,0.0009901045762951953,0.9901045762951952,0.0009900989541380381,99.00989541380382
0.716,0.0009901037623636739,0.9901037623636739,0.0009900989622773533,99.00989622773533
0.717,0.000990103040769057,0.990103040769057,0.0009900989694932995,99.00989694932994
0.718,0.0009901023191744543,0.9901023191744542,0.0009900989767092456,99.00989767092456
0.719,0.0009901015975798514,0.9901015975798515,0.0009900989839251916,99.00989839251916
0.72,0.0009901008759852345,0.9901008759852346,0.0009900989911411379,99.00989911411379
0.721,0.0009901001543906318,0.9901001543906318,0.0009900989983570839,99.00989983570838
0.722,0.0009900997015354137,0.9900997015354136,0.0009900990028856361,99.00990028856361
0.723,0.0009900996452906555,0.9900996452906554,0.0009900990034480835,99.00990034480836
0.724,0.000990099589045883,0.990099589045883,0.0009900990040105314,99.00990040105314
0.725,0.0009900995328011248,0.9900995328011248,0.0009900990045729789,99.00990045729789
0.726,0.0009900994765563666,0.9900994765563667,0.0009900990051354265,99.00990051354265
0.727,0.0009900994203115943,0.9900994203115943,0.0009900990056978742,99.00990056978742
0.728,0.0009900993640668361,0.9900993640668361,0.0009900990062603218,99.00990062603218
0.729,0.0009900993078220638,0.9900993078220637,0.0009900990068227695,99.00990068227695
0.73,0.0009900992515773056,0.9900992515773055,0.0009900990073852171,99.00990073852171
0.731,0.0009900991953325474,0.9900991953325473,0.0009900990079476646,99.00990079476645
0.732,0.0009900991390877749,0.9900991390877749,0.0009900990085101122,99.00990085101122
0.733,0.0009900990828430167,0.9900990828430167,0.0009900990090725599,99.009900907256
0.734,0.0009900990639136323,0.9900990639136324,0.0009900990092618538,99.00990092618538
0.735,0.0009900990616327333,0.9900990616327334,0.0009900990092846628,99.00990092846628
0.736,0.0009900990593518344,0.9900990593518344,0.0009900990093074718,99.00990093074718
0.737,0.0009900990570709497,0.9900990570709496,0.0009900990093302806,99.00990093302806
0.738,0.0009900990547900505,0.9900990547900506,0.0009900990093530896,99.00990093530896
0.739,0.0009900990525091658,0.9900990525091657,0.0009900990093758984,99.00990093758985
0.74,0.0009900990502282668,0.9900990502282667,0.0009900990093987074,99.00990093987075
0.741,0.0009900990479473678,0.9900990479473677,0.0009900990094215164,99.00990094215165
0.742,0.0009900990456664829,0.9900990456664829,0.0009900990094443252,99.00990094443253
0.743,0.0009900990433855839,0.9900990433855839,0.0009900990094671343,99.00990094671343
0.744,0.000990099041104699,0.990099041104699,0.000990099009489943,99.0099009489943
0.745,0.0009900990388238,0.9900990388238,0.0009900990095127521,99.0099009512752
0.746,0.000990099036542901,0.990099036542901,0.0009900990095355611,99.00990095355611
0.747,0.0009900990342620161,0.9900990342620162,0.0009900990095583699,99.00990095583698
0.748,0.0009900990319811171,0.9900990319811172,0.0009900990095811789,99.00990095811788
0.749,0.0009900990297002181,0.9900990297002181,0.0009900990096039879,99.0099009603988
0.75,0.0009900990274193332,0.9900990274193333,0.0009900990096267967,99.00990096267967
0.75,0.0009900990274193332,0.9900990274193333,0.0009900990096267967,99.00990096267967
0.75,0.0009900990274193332,0.9900990274193333,0.0004950495048629033,49.50495048629033
0.751,0.0006777201132912864,0.6777201132912865,0.0004966113994335436,49.66113994335436
0.752,0.0005634444167923505,0.5634444167923505,0.0004971827779160383,49.71827779160383
0.753,0.0005216496447390284,0.5216496447390284,0.0004973917517763049,49.73917517763049
0.754,0.0005063354452638293,0.5063354452638293,0.0004974683227736809,49.74683227736809
0.755,0.0005007443796153126,0.5007443796153126,0.0004974962781019234,49.74962781019234
0.756,0.0004986759018441091,0.4986759018441091,0.0004975066204907795,49.75066204907795
0.757,0.0004979495092269417,0.4979495092269417,0.0004975102524538654,49.75102524538654
0.758,0.0004976809997226184,0.4976809997226184,0.0004975115950013869,49.75115950013869
0.759,0.0004975676776558942,0.4975676776558942,0.0004975121616117206,49.75121616117206
0.76,0.0004975284338610777,0.4975284338610777,0.0004975123578306946,49.75123578306946
0.761,0.0004975152200723159,0.4975152200723159,0.0004975124238996383,49.75124238996383
0.762,0.0004975098807584999,0.4975098807584999,0.0004975124505962075,49.75124505962074
0.763,0.0004975091163882865,0.4975091163882865,0.0004975124544180585,49.75124544180585
0.764,0.000497509952501332,0.497509952501332,0.0004975124502374933,49.75124502374933
0.765,0.0004975107886143775,0.4975107886143775,0.0004975124460569281,49.75124460569281
0.766,0.0004975116083795826,0.4975116083795825,0.000497512441958102,49.7512441958102
0.767,0.0004975117201249333,0.4975117201249333,0.0004975124413993754,49.75124413993753
0.768,0.0004975118318702698,0.4975118318702698,0.0004975124408406487,49.75124408406487
0.769,0.0004975119436156064,0.4975119436156064,0.000497512440281922,49.7512440281922
0.77,0.0004975120553609571,0.4975120553609571,0.0004975124397231952,49.75124397231952
0.771,0.0004975121671062936,0.4975121671062936,0.0004975124391644685,49.75124391644685
0.772,0.0004975122788516444,0.4975122788516444,0.0004975124386057419,49.75124386057418
0.773,0.0004975123312028131,0.4975123312028131,0.000497512438343986,49.7512438343986
0.774,0.0004975123392048459,0.4975123392048459,0.0004975124383039758,49.75124383039758
0.775,0.0004975123472068788,0.4975123472068788,0.0004975124382639657,49.75124382639657
0.776,0.0004975123552089115,0.4975123552089116,0.0004975124382239555,49.75124382239554
0.777,0.0004975123632109444,0.4975123632109444,0.0004975124381839453,49.75124381839453
0.778,0.0004975123712129772,0.4975123712129772,0.0004975124381439352,49.75124381439352
0.779,0.0004975123792150101,0.49751237921501,0.000497512438103925,49.75124381039249
0.78,0.0004975123872170428,0.4975123872170428,0.0004975124380639148,49.75124380639148
0.781,0.0004975123952190756,0.4975123952190756,0.0004975124380239047,49.75124380239047
0.782,0.0004975124032211085,0.4975124032211085,0.0004975124379838945,49.75124379838945
0.783,0.0004975124112231412,0.4975124112231413,0.0004975124379438844,49.75124379438844
0.784,0.0004975124192251741,0.4975124192251741,0.0004975124379038742,49.75124379038741
0.785,0.0004975124272272069,0.4975124272272069,0.000497512437863864,49.7512437863864
0.786,0.0004975124300485163,0.4975124300485163,0.0004975124378497575,49.75124378497575
0.787,0.0004975124303456653,0.4975124303456653,0.0004975124378482717,49.75124378482717
0.788,0.0004975124306428142,0.4975124306428143,0.0004975124378467859,49.75124378467859
0.789,0.0004975124309399633,0.4975124309399632,0.0004975124378453002,49.75124378453003
0.79,0.0004975124312371122,0.4975124312371122,0.0004975124378438145,49.75124378438144
0.791,0.0004975124315342754,0.4975124315342754,0.0004975124378423287,49.75124378423287
0.792,0.0004975124318314243,0.4975124318314244,0.0004975124378408429,49.75124378408429
0.793,0.0004975124321285734,0.4975124321285733,0.0004975124378393572,49.75124378393572
0.794,0.0004975124324257223,0.4975124324257223,0.0004975124378378714,49.75124378378714
0.795,0.0004975124327228713,0.4975124327228713,0.0004975124378363856,49.75124378363856
0.796,0.0004975124330200202,0.4975124330200202,0.0004975124378348999,49.75124378348999
0.797,0.0004975124333171692,0.4975124333171692,0.0004975124378334141,49.75124378334142
0.798,0.0004975124336143181,0.4975124336143182,0.0004975124378319285,49.75124378319285
0.799,0.0004975124339114814,0.4975124339114814,0.0004975124378304427,49.75124378304427
0.8,0.0004975124342086303,0.4975124342086303,0.0004975124378289569,49.75124378289568
0.8,0.0004975124342086303,0.4975124342086303,0.0009950248755584113,99.50248755584113
0.801,0.0008107684963037798,0.8107684963037798,0.000991892314937773,99.1892314937773
0.802,0.0009248139993823372,0.9248139993823372,0.0009907518599071015,99.07518599071015
0.803,0.0009663308584835448,0.9663308584835448,0.0009903366913161309,99.0336691316131
0.804,0.0009814184950063093,0.9814184950063094,0.0009901858149509184,99.01858149509184
0.805,0.0009869112432448048,0.9869112432448048,0.0009901308874685389,99.01308874685388
0.806,0.0009889300113431147,0.9889300113431148,0.0009901106997875578,99.01106997875577
0.807,0.0009896682819937439,0.9896682819937439,0.0009901033170810522,99.01033170810521
0.808,0.0009899401099268772,0.9899401099268772,0.0009901005988017211,99.01005988017212
0.809,0.000990030194104193,0.9900301941041931,0.0009900996979599482,99.00996979599482
0.81,0.0009900622046504139,0.9900622046504139,0.0009900993778544859,99.00993778544859
0.811,0.000990085807271825,0.990085807271825,0.0009900991418282719,99.00991418282719
0.812,0.0009900982183505818,0.9900982183505818,0.0009900990177174843,99.00990177174843
0.813,0.0009901005026177927,0.9901005026177927,0.0009900989948748121,99.00989948748121
0.814,0.0009901035917758065,0.9901035917758065,0.000990098963983232,99.00989639832321
0.815,0.0009901045762951953,0.9901045762951952,0.0009900989541380381,99.00989541380382
0.816,0.0009901037623636739,0.9901037623636739,0.0009900989622773533,99.00989622773533
0.817,0.000990103040769057,0.990103040769057,0.0009900989694932995,99.00989694932994
0.818,0.0009901023191744543,0.9901023191744542,0.0009900989767092456,99.00989767092456
0.819,0.0009901015975798514,0.9901015975798515,0.0009900989839251916,99.00989839251916
0.82,0.0009901008759852345,0.9901008759852346,0.0009900989911411379,99.00989911411379
0.821,0.0009901001543906318,0.9901001543906318,0.0009900989983570839,99.00989983570838
0.822,0.0009900997015354137,0.9900997015354136,0.0009900990028856361,99.00990028856361
0.823,0.0009900996452906555,0.9900996452906554,0.0009900990034480835,99.00990034480836
0.824,0.000990099589045883,0.990099589045883,0.0009900990040105314,99.00990040105314
0.825,0.0009900995328011248,0.9900995328011248,0.0009900990045729789,99.00990045729789
0.826,0.0009900994765563666,0.9900994765563667,0.0009900990051354265,99.00990051354265
0.827,0.0009900994203115943,0.9900994203115943,0.0009900990056978742,99.00990056978742
0.828,0.0009900993640668361,0.9900993640668361,0.0009900990062603218,99.00990062603218
0.829,0.0009900993078220638,0.9900993078220637,0.0009900990068227695,99.00990068227695
0.83,0.0009900992515773056,0.9900992515773055,0.0009900990073852171,99.00990073852171
0.831,0.0009900991953325474,0.9900991953325473,0.0009900990079476646,99.00990079476645
0.832,0.0009900991390877749,0.9900991390877749,0.0009900990085101122,99.00990085101122
0.833,0.0009900990828430167,0.9900990828430167,0.0009900990090725599,99.009900907256
0.834,0.0009900990639136323,0.9900990639136324,0.0009900990092618538,99.00990092618538
0.835,0.0009900990616327333,0.9900990616327334,0.0009900990092846628,99.00990092846628
0.836,0.0009900990593518344,0.9900990593518344,0.0009900990093074718,99.00990093074718
0.837,0.0009900990570709497,0.9900990570709496,0.0009900990093302806,99.00990093302806
0.838,0.0009900990547900505,0.9900990547900506,0.0009900990093530896,99.00990093530896
0.839,0.0009900990525091658,0.9900990525091657,0.0009900990093758984,99.00990093758985
0.84,0.0009900990502282668,0.9900990502282667,0.0009900990093987074,99.00990093987075
0.841,0.0009900990479473678,0.9900990479473677,0.0009900990094215164,99.00990094215165
0.842,0.0009900990456664829,0.9900990456664829,0.0009900990094443252,99.00990094443253
0.843,0.0009900990433855839,0.9900990433855839,0.0009900990094671343,99.00990094671343
0.844,0.0009900990411046849,0.9900990411046848,0.0009900990094899433,99.00990094899433
0.845,0.0009900990388238,0.9900990388238,0.0009900990095127521,99.0099009512752
0.846,0.000990099036542901,0.990099036542901,0.0009900990095355611,99.00990095355611
0.847,0.0009900990342620161,0.9900990342620162,0.0009900990095583699,99.00990095583698
0.848,0.0009900990319811171,0.9900990319811172,0.0009900990095811789,99.00990095811788
0.849,0.0009900990297002181,0.9900990297002181,0.0009900990096039879,99.0099009603988
0.85,0.0009900990274193332,0.9900990274193333,0.0009900990096267967,99.00990096267967
0.85,0.0009900990274193332,0.9900990274193333,0.0009900990096267967,99.00990096267967
0.85,0.0009900990274193332,0.9900990274193333,0.0004950495048629033,49.50495048629033
0.851,0.0006777201151074053,0.6777201151074053,0.000496611399424463,49.6611399424463
0.852,0.0005634444174560542,0.5634444174560542,0.0004971827779127198,49.71827779127198
0.853,0.0005216496449815082,0.5216496449815082,0.0004973917517750925,49.73917517750925
0.854,0.0005063354453530451,0.5063354453530451,0.0004974683227732348,49.74683227732348
0.855,0.0005007443796480544,0.5007443796480544,0.0004974962781017597,49.74962781017597
0.856,0.00049867590185589,0.4986759018558899,0.0004975066204907205,49.75066204907206
0.857,0.0004979495092311338,0.4979495092311339,0.0004975102524538443,49.75102524538443
0.858,0.0004976809997242668,0.4976809997242668,0.0004975115950013786,49.75115950013787
0.859,0.0004975676776565336,0.4975676776565336,0.0004975121616117174,49.75121616117173
0.86,0.0004975284338613051,0.4975284338613051,0.0004975123578306935,49.75123578306935
0.861,0.0004975152200723727,0.4975152200723727,0.0004975124238996381,49.75124238996381
0.862,0.0004975098807585283,0.4975098807585283,0.0004975124505962073,49.75124505962074
0.863,0.0004975091163882723,0.4975091163882723,0.0004975124544180587,49.75124544180587
0.864,0.000497509952501332,0.497509952501332,0.0004975124502374934,49.75124502374934
0.865,0.0004975107886143775,0.4975107886143775,0.0004975124460569281,49.75124460569281
0.866,0.0004975116083795826,0.4975116083795825,0.000497512441958102,49.7512441958102
0.867,0.0004975117201249333,0.4975117201249333,0.0004975124413993754,49.75124413993753
0.868,0.0004975118318702698,0.4975118318702698,0.0004975124408406487,49.75124408406487
0.869,0.0004975119436156064,0.4975119436156064,0.000497512440281922,49.7512440281922
0.87,0.0004975120553609571,0.4975120553609571,0.0004975124397231952,49.75124397231952
0.871,0.0004975121671062936,0.4975121671062936,0.0004975124391644685,49.75124391644685
0.872,0.0004975122788516302,0.4975122788516302,0.0004975124386057419,49.75124386057418
0.873,0.0004975123312028131,0.4975123312028131,0.000497512438343986,49.7512438343986
0.874,0.0004975123392048459,0.4975123392048459,0.0004975124383039758,49.75124383039758
0.875,0.0004975123472068788,0.4975123472068788,0.0004975124382639657,49.75124382639657
0.876,0.0004975123552089115,0.4975123552089116,0.0004975124382239555,49.75124382239554
0.877,0.0004975123632109444,0.4975123632109444,0.0004975124381839453,49.75124381839453
0.878,0.0004975123712129772,0.4975123712129772,0.0004975124381439352,49.75124381439352
0.879,0.0004975123792150101,0.49751237921501,0.000497512438103925,49.75124381039249
0.88,0.0004975123872170428,0.4975123872170428,0.0004975124380639148,49.75124380639148
0.881,0.0004975123952190756,0.4975123952190756,0.0004975124380239047,49.75124380239047
0.882,0.0004975124032211085,0.4975124032211085,0.0004975124379838945,49.75124379838945
0.883,0.0004975124112231412,0.4975124112231413,0.0004975124379438844,49.75124379438844
0.884,0.0004975124192251741,0.4975124192251741,0.0004975124379038742,49.75124379038741
0.885,0.0004975124272272069,0.4975124272272069,0.000497512437863864,49.7512437863864
0.886,0.0004975124300485163,0.4975124300485163,0.0004975124378497575,49.75124378497575
0.887,0.0004975124303456653,0.4975124303456653,0.0004975124378482717,49.75124378482717
0.888,0.0004975124306428142,0.4975124306428143,0.0004975124378467859,49.75124378467859
0.889,0.0004975124309399633,0.4975124309399632,0.0004975124378453002,49.75124378453003
0.89,0.0004975124312371122,0.4975124312371122,0.0004975124378438145,49.75124378438144
0.891,0.0004975124315342754,0.4975124315342754,0.0004975124378423287,49.75124378423287
0.892,0.0004975124318314243,0.4975124318314244,0.0004975124378408429,49.75124378408429
0.893,0.0004975124321285734,0.4975124321285733,0.0004975124378393572,49.75124378393572
0.894,0.0004975124324257223,0.4975124324257223,0.0004975124378378714,49.75124378378714
0.895,0.0004975124327228713,0.4975124327228713,0.0004975124378363856,49.75124378363856
0.896,0.0004975124330200202,0.4975124330200202,0.0004975124378348999,49.75124378348999
0.897,0.0004975124333171692,0.4975124333171692,0.0004975124378334141,49.75124378334142
0.898,0.0004975124336143181,0.4975124336143182,0.0004975124378319285,49.75124378319285
0.899,0.0004975124339114814,0.4975124339114814,0.0004975124378304427,49.75124378304427
0.9,0.0004975124342086303,0.4975124342086303,0.0004975124378289569,49.75124378289568
0.9,0.0004975124342086303,0.4975124342086303,0.0009950248755584113,99.50248755584113
0.901,0.0008107684963037798,0.8107684963037798,0.000991892314937773,99.1892314937773
0.902,0.0009248139993823372,0.9248139993823372,0.0009907518599071015,99.07518599071015
0.903,0.0009663308584835448,0.9663308584835448,0.0009903366913161309,99.0336691316131
0.904,0.0009814184950063093,0.9814184950063094,0.0009901858149509184,99.01858149509184
0.905,0.0009869112432448048,0.9869112432448048,0.0009901308874685389,99.01308874685388
0.906,0.0009889300113431147,0.9889300113431148,0.0009901106997875578,99.01106997875577
0.907,0.0009896682819937439,0.9896682819937439,0.0009901033170810522,99.01033170810521
0.908,0.0009899401099268772,0.9899401099268772,0.0009901005988017211,99.01005988017212
0.909,0.000990030194104193,0.9900301941041931,0.0009900996979599482,99.00996979599482
0.91,0.0009900622046504139,0.9900622046504139,0.0009900993778544859,99.00993778544859
0.911,0.000990085807271825,0.990085807271825,0.0009900991418282719,99.00991418282719
0.912,0.0009900982183505818,0.9900982183505818,0.0009900990177174843,99.00990177174843
0.913,0.0009901005026177927,0.9901005026177927,0.0009900989948748121,99.00989948748121
0.914,0.0009901035917758065,0.9901035917758065,0.000990098963983232,99.00989639832321
0.915,0.0009901045762951953,0.9901045762951952,0.0009900989541380381,99.00989541380382
0.916,0.0009901037623636739,0.9901037623636739,0.0009900989622773533,99.00989622773533
0.917,0.000990103040769057,0.990103040769057,0.0009900989694932995,99.00989694932994
0.918,0.0009901023191744543,0.9901023191744542,0.0009900989767092456,99.00989767092456
0.919,0.0009901015975798514,0.9901015975798515,0.0009900989839251916,99.00989839251916
0.92,0.0009901008759852345,0.9901008759852346,0.0009900989911411379,99.00989911411379
0.921,0.0009901001543906318,0.9901001543906318,0.0009900989983570839,99.00989983570838
0.922,0.0009900997015354137,0.9900997015354136,0.0009900990028856361,99.00990028856361
0.923,0.0009900996452906555,0.9900996452906554,0.0009900990034480835,99.00990034480836
0.924,0.000990099589045883,0.990099589045883,0.0009900990040105314,99.00990040105314
0.925,0.0009900995328011248,0.9900995328011248,0.0009900990045729789,99.00990045729789
0.926,0.0009900994765563666,0.9900994765563667,0.0009900990051354265,99.00990051354265
0.927,0.0009900994203115943,0.9900994203115943,0.0009900990056978742,99.00990056978742
0.928,0.0009900993640668361,0.9900993640668361,0.0009900990062603218,99.00990062603218
0.929,0.0009900993078220638,0.9900993078220637,0.0009900990068227695,99.00990068227695
0.93,0.0009900992515773056,0.9900992515773055,0.0009900990073852171,99.00990073852171
0.931,0.0009900991953325474,0.9900991953325473,0.0009900990079476646,99.00990079476645
0.932,0.0009900991390877749,0.9900991390877749,0.0009900990085101122,99.00990085101122
0.933,0.0009900990828430167,0.9900990828430167,0.0009900990090725599,99.009900907256
0.934,0.0009900990639136323,0.9900990639136324,0.0009900990092618538,99.00990092618538
0.935,0.0009900990616327333,0.9900990616327334,0.0009900990092846628,99.00990092846628
0.936,0.0009900990593518344,0.9900990593518344,0.0009900990093074718,99.00990093074718
0.937,0.0009900990570709497,0.9900990570709496,0.0009900990093302806,99.00990093302806
0.938,0.0009900990547900505,0.9900990547900506,0.0009900990093530896,99.00990093530896
0.939,0.0009900990525091658,0.9900990525091657,0.0009900990093758984,99.00990093758985
0.94,0.0009900990502282668,0.9900990502282667,0.0009900990093987074,99.00990093987075
0.941,0.0009900990479473678,0.9900990479473677,0.0009900990094215164,99.00990094215165
0.942,0.0009900990456664829,0.9900990456664829,0.0009900990094443252,99.00990094443253
0.943,0.0009900990433855839,0.9900990433855839,0.0009900990094671343,99.00990094671343
0.944,0.0009900990411046849,0.9900990411046848,0.0009900990094899433,99.00990094899433
0.945,0.0009900990388238,0.9900990388238,0.0009900990095127521,99.0099009512752
0.946,0.000990099036542901,0.990099036542901,0.0009900990095355611,99.00990095355611
0.947,0.0009900990342620161,0.9900990342620162,0.0009900990095583699,99.00990095583698
0.948,0.0009900990319811171,0.9900990319811172,0.0009900990095811789,99.00990095811788
0.949,0.0009900990297002181,0.9900990297002181,0.0009900990096039879,99.0099009603988
0.95,0.0009900990274193332,0.9900990274193333,0.0009900990096267967,99.00990096267967
0.95,0.0009900990274193332,0.9900990274193333,0.0009900990096267967,99.00990096267967
0.95,0.0009900990274193332,0.9900990274193333,0.0004950495048629033,49.50495048629033
0.951,0.0006777201169214493,0.6777201169214493,0.0004966113994153928,49.66113994153928
0.952,0.0005634444181189906,0.5634444181189906,0.0004971827779094051,49.7182777909405
0.953,0.0005216496452237322,0.5216496452237323,0.0004973917517738813,49.73917517738813
0.954,0.000506335445442204,0.506335445442204,0.000497468322772789,49.7468322772789
0.955,0.0005007443796807677,0.5007443796807678,0.0004974962781015962,49.74962781015962
0.956,0.0004986759018676566,0.4986759018676565,0.0004975066204906617,49.75066204906616
0.957,0.0004979495092353261,0.4979495092353261,0.0004975102524538234,49.75102524538234
0.958,0.0004976809997258868,0.4976809997258869,0.0004975115950013706,49.75115950013706
0.959,0.0004975676776571732,0.4975676776571731,0.0004975121616117142,49.75121616117142
0.96,0.0004975284338615324,0.4975284338615324,0.0004975123578306924,49.75123578306923
0.961,0.0004975152200724153,0.4975152200724153,0.0004975124238996379,49.75124238996379
0.962,0.0004975098807585709,0.4975098807585709,0.0004975124505962071,49.75124505962071
0.963,0.0004975091163882723,0.4975091163882723,0.0004975124544180587,49.75124544180587
0.964,0.0004975099525013178,0.4975099525013178,0.0004975124502374934,49.75124502374934
0.965,0.0004975107886143633,0.4975107886143633,0.0004975124460569282,49.75124460569283
0.966,0.0004975116083795826,0.4975116083795825,0.000497512441958102,49.7512441958102
0.967,0.0004975117201249191,0.4975117201249191,0.0004975124413993755,49.75124413993755
0.968,0.0004975118318702698,0.4975118318702698,0.0004975124408406487,49.75124408406487
0.969,0.0004975119436156064,0.4975119436156064,0.0004975124402819219,49.75124402819219
0.97,0.0004975120553609571,0.4975120553609571,0.0004975124397231952,49.75124397231952
0.971,0.0004975121671062936,0.4975121671062936,0.0004975124391644685,49.75124391644685
0.972,0.0004975122788516302,0.4975122788516302,0.0004975124386057419,49.75124386057418
0.973,0.0004975123312028131,0.4975123312028131,0.000497512438343986,49.7512438343986
0.974,0.0004975123392048459,0.4975123392048459,0.0004975124383039758,49.75124383039758
0.975,0.0004975123472068788,0.4975123472068788,0.0004975124382639657,49.75124382639657
0.976,0.0004975123552089115,0.4975123552089116,0.0004975124382239555,49.75124382239554
0.977,0.0004975123632109444,0.4975123632109444,0.0004975124381839453,49.75124381839453
0.978,0.0004975123712129772,0.4975123712129772,0.0004975124381439352,49.75124381439352
0.979,0.0004975123792150101,0.49751237921501,0.000497512438103925,49.75124381039249
0.98,0.0004975123872170428,0.4975123872170428,0.0004975124380639148,49.75124380639148
0.981,0.0004975123952190756,0.4975123952190756,0.0004975124380239047,49.75124380239047
0.982,0.0004975124032211085,0.4975124032211085,0.0004975124379838945,49.75124379838945
0.983,0.0004975124112231412,0.4975124112231413,0.0004975124379438844,49.75124379438844
0.984,0.0004975124192251741,0.4975124192251741,0.0004975124379038742,49.75124379038741
0.985,0.0004975124272272069,0.4975124272272069,0.000497512437863864,49.7512437863864
0.986,0.0004975124300485163,0.4975124300485163,0.0004975124378497575,49.75124378497575
0.987,0.0004975124303456653,0.4975124303456653,0.0004975124378482717,49.75124378482717
0.988,0.0004975124306428142,0.4975124306428143,0.0004975124378467859,49.75124378467859
0.989,0.0004975124309399633,0.4975124309399632,0.0004975124378453002,49.75124378453003
0.99,0.0004975124312371122,0.4975124312371122,0.0004975124378438145,49.75124378438144
0.991,0.0004975124315342754,0.4975124315342754,0.0004975124378423287,49.75124378423287
0.992,0.0004975124318314243,0.4975124318314244,0.0004975124378408429,49.75124378408429
0.993,0.0004975124321285734,0.4975124321285733,0.0004975124378393572,49.75124378393572
0.994,0.0004975124324257223,0.4975124324257223,0.0004975124378378714,49.75124378378714
0.995,0.0004975124327228713,0.4975124327228713,0.0004975124378363856,49.75124378363856
0.996,0.0004975124330200202,0.4975124330200202,0.0004975124378348999,49.75124378348999
0.997,0.0004975124333171692,0.4975124333171692,0.0004975124378334141,49.75124378334142
0.998,0.0004975124336143181,0.4975124336143182,0.0004975124378319285,49.75124378319285
0.999,0.0004975124339114814,0.4975124339114814,0.0004975124378304427,49.75124378304427
1,0.0004975124342086303,0.4975124342086303,0.0004975124378289569,49.75124378289568
1,0.0004975124342086303,0.4975124342086303,0.0009950248755584113,99.50248755584113
1.001,0.000810768496303723,0.8107684963037229,0.0009918923149377736,99.18923149377737
1.001,0.000810768496303723,0.8107684963037229,0.0009918923149377734,99.18923149377734
